题型,试题内容,选项A,选项B,选项C,选项D,选项E,答案
单选题,（   ）通过了关于《中国共产党章程（修正案）》的决议，把习近平新时代中国特色社会主义思想写入党章，实现了党的指导思想的与时俱进。,党的十七大,党的十八大,党的十九大,党的二十大,,C
单选题,（   ）是改革开放以来我们党全部理论和实践的鲜明主题。,贯彻新发展理念,坚持和发展中国特色社会主义,改革开放,以经济建设为中心,,B
单选题,（   ）是习近平新时代中国特色社会主义思想的主体内容，集中体现了这一思想体系的主要观点和基本精神。,“六个必须坚持”,“十个明确”,“十四个坚持”,“十三个方面成就”,,B
单选题,（   ）是习近平新时代中国特色社会主义思想的重要组成部分，构成了新时代坚持和发展中国特色社会主义的基本方略。,“六个必须坚持”,“十个明确”,“十四个坚持”,“十三个方面成就”,,C
单选题,党的二十大提出的“六个必须坚持”中，坚持人民至上是（   ）。,根本价值立场,内在精神特质,鲜明理论品格,重要实践要求,,A
单选题,党的二十大提出的“六个必须坚持”中，坚持自信自立是（   ）。,根本价值立场,内在精神特质,鲜明理论品格,重要实践要求,,B
单选题,党的二十大提出了“六个必须坚持”。其中，坚持守正创新是（   ）。,根本价值立场,内在精神特质,鲜明理论品格,重要实践要求,,C
单选题,党的二十大提出了“六个必须坚持”。其中，坚持问题导向是（   ）。,基本思想和工作方法,内在精神特质,鲜明理论品格,重要实践要求,,D
单选题,党的二十大提出了“六个必须坚持”。其中，坚持系统观念是（   ）。,基本思想和工作方法,内在精神特质,鲜明理论品格,重要实践要求,,A
单选题,党的二十大提出了“六个必须坚持”。其中，坚持（   ）是中国共产党人的境界格局,守正创新,自信自立,系统观念,胸怀天下,,D
单选题,中国特色社会主义的战略布局是（   ）。,“十个明确”,“十四个坚持”,“四个全面”,“五位一体”,,C
单选题,中国特色社会主义的总体布局是（   ）。,“三位一体”,“四位一体”,“五位一体”,“六位一体”,,C
单选题,（   ）是又一次的思想解放，让我们能够在更广阔的文化空间中，充分运用中华优秀传统文化的宝贵资源，探索面向未来的理论和制度创新。,第一个结合,第二个结合,第一次结合,第二次结合,,B
单选题,（   ）是马克思主义理论区别于其他理论的显著特征。,实践性,辩证性,真理性,历史性,,A
单选题,（   ）是我们党在探索中国特色社会主义道路中得出的规律性认识，是我们取得成功的最大法宝。,两个结合,两次结合,理论创新,实践创新,,A
多选题,习近平新时代中国特色社会主义思想创立的时代背景是（   ）。,世界百年未有之大变局加速演进,中华民族伟大复兴进入关键时期,我国经济高速度发展,中国成为世界领导角色,,AB
多选题,新时代中国正处于中华民族伟大复兴的关键时期，因为（   ）。,我国发展站在了新的历史起点上,改革面临着许多前所未有的困难和挑战，处于攻坚克难的关键时期,新时代的中国发生新的历史性变革,中国式现代化全面推进拓展,,ABCD
多选题,习近平（   ）为习近平新时代中国特色社会主义思想的创立发挥了决定性作用。,坚定的政治信仰和朴素的人民情怀，为这一思想注入了强大精神基因,丰富的文化积淀和良好的哲学素养，为这一思想奠定了深厚的理论底蕴,艰苦磨练和扎实的从政历练，为这一思想积累了充分的实践养分,非凡的政治胆略和高超的政治智慧，为这一思想开辟了宽阔视野,,ABCD
多选题,习近平新时代中国特色社会主义思想回答了（   ）等重大时代课题。,新时代坚持和发展什么样的中国特色社会主义、怎样坚持和发展中国特色社会主义,建设什么样的社会主义现代化强国、怎样建设社会主义现代化强国,建设什么样的长期执政的马克思主义政党、怎样建设长期执政的马克思主义政党,建设什么美好的世界、怎样建设美好世界,,ABC
多选题,习近平新时代中国特色社会主义思想的主要内容包括（   ）。,“六个必须坚持”,“十个明确”,“十四个坚持”,“十三个方面成就”,,BCD
多选题,习近平新时代中国特色社会主义思想是当代中国马克思主义、二十一世纪马克思主义，是（   ）的时代精华，实现了马克思主义中国化时代化新的飞跃。,中华文化,中华品格,中国精神,中国力量,,AC
多选题,习近平新时代中国特色社会主义思想以（   ），标注了中国共产党理论创新的新高度，实现了马克思主义中国化时代化新的飞跃。,原创性的理论贡献,严密性的科学体系,标志性的思想观点,集成性的观点汇总,,ABC
单选题,（   ）是中国共产党人思考的基本问题。,什么是社会主义、怎样建设社会主义,坚持和发展什么样的中国特色社会主义、怎样坚持和发展中国特色社会主义,建设什么样的社会主义现代化强国、怎样建设社会主义现代化强国,建设什么样的长期执政的马克思主义政党、怎样建设长期执政的马克思主义政党,,A
单选题,中国特色社会主义是（   ）的辩证统一。,科学社会主义历史逻辑和中国社会发展实践逻辑,科学社会主义理论逻辑和中国社会发展历史逻辑,科学社会主义实践逻辑和中国社会发展理论逻辑,科学社会主义实践逻辑和中国社会发展历史逻辑,,B
单选题,习近平指出：“《共产党宣言》虽然诞生于170年前，但其阐述的基本原理没有过时，也不会过时。”这一论述中的基本原理指的是（   ）。,历史唯物主义,辩证唯物主义,科学社会主义基本原则,剩余价值理论,,C
单选题,以下说法中错误的是（   ）。,中国特色社会主义写出了科学社会主义的“新版本”,中国特色社会主义采用了马克思主义经典作家设想的样板,社会主义并没有定于一尊、一成不变的套路,中国特色社会主义坚持了科学社会主义基本原则,,B
单选题,改革开放以来，我们取得一切成绩和进步的根本原因中，（   ）是根本保障。,中国特色社会道路,中国特色社会主义理论体系,中国特色社会制度,中国特色社会文化,,C
单选题,我们党作出中国特色社会主义进入新时代重大判断的基本依据是（   ）。,党的十八大胜利召开,“东升西落”的国际局势,全面建成小康社会任务的完成,我国社会主要矛盾发生变化,,D
单选题,下列关于我国社会主要矛盾的说法中，不正确的是（   ）。,新时代我国社会主要矛盾的变化，明确了解决当代中国发展问题的根本着力点,新时代我国社会主要矛盾的变化，意味着跨越了社会主义初级阶段,新时代我国社会主要矛盾的变化，对党和国家工作提出了许多新要求,新时代我国社会主要矛盾的变化，是关系全局的历史性变化,,B
单选题,新时代我国社会主要矛盾是（   ）之间的矛盾。,人民日益增长的物质文化需要和不平衡和不充分的发展,人民日益增长的物质文化需要和落后的社会生产,人民日益增长的美好生活需要和不平衡和不充分的发展,人民日益增长的美好生活需要和落后的社会生产,,C
单选题,改革开放和社会主义现代化建设深入推进，书写了（   ）两大奇迹新篇章。,经济快速发展和国际地位提升,经济快速发展和社会长期稳定,实现全面小康和国际地位提升,实现全面小康和社会长期稳定,,B
单选题,“四个全面”战略布局中，（   ）居于统领地位。,全面建设社会主义现代化,全面深化改革,全面依法治国,全面从严治党,,A
多选题,科学社会主义的主张受到中国人民热烈欢迎，并最终扎根中国大地、开花结果，是因为（   ）。,中国共产党人的理论宣传卓有成效,回答了近代以来中华民族面临的历史性课题,指明了实现伟大复兴的正确道路,同我国优秀历史文化具有高度的契合性,,BCD
多选题,以下属于新的历史条件下，体现科学社会主义基本原则的内容有（   ）。,以经济建设为中心，坚持四项基本原则，坚持改革开放,解放和发展社会生产力,促进人的全面发展，逐步实现全体人民共同富裕,坚持人民代表大会制度的根本政治制度,,ABCD
多选题,改革开放以来，我们取得一切成绩和进步的根本原因，归结起来就是（   ）。,开辟了中国特色社会道路,形成了中国特色社会主义理论体系,确立了中国特色社会主义制度,发展了中国特色社会主义文化,,ABCD
多选题,党的（   ），事关党的前途命运，事关中国特色社会主义事业兴衰成败。,基本理论,基本路线,基本政策,基本方略,,ABD
多选题,中国特色社会主义进入新时代，（   ）。,是我们党领导人民不懈奋斗的必然结果,是我国社会主要矛盾发生新变化的反映,是党的主要任务发生新变化的反映,是中国和世界关系发生新变化的反映,,ABCD
单选题,一百年来，中国共产党团结带领中国人民进行的一切奋斗、一切牺牲、一切创造，归结起来就是一个主题：（   ）。,建立新中国,实现全体人民共同富裕,实现中华民族伟大复兴,实现人民对美好生活的向往,,C
单选题,中国梦归根到底是（   ），必须紧紧依靠人民来实现，必须不断为人民造福。,国家的梦,人民的梦,民族的梦,世界的梦,,B
单选题,中华民族伟大复兴的中国梦是（   ）相统一的梦。,国家情怀、民族情怀、人民情怀,国家情怀、民族情怀、社会情怀,民族情怀、世界情怀、人民情怀,国家情怀、家庭情怀、人民情怀,,A
单选题,实现中国梦必须凝聚中国力量，这就是（   ）。,各族人民大团结的力量,中国共产党的领导力量,中高速增长的经济力量,保障有力的军事力量,,A
单选题,从全面建设社会主义现代化国家进程的阶段安排看来，到2035年，我国将（   ）。,全面建成小康社会,实现中华民族伟大复兴的中国梦,把我国建设成为富强美丽文明和谐的社会现代化强国,基本实现社会主义现代化,,D
单选题,党的二十大报告指出，从现在起，中国共产党的中心任务就是团结带领全国各族人民全面建成社会主义现代化强国、以（   ）全面推进中华民族伟大复兴。,经济建设为中心,四项基本原则,中国式现代化,全面深化改革,,C
单选题,中国式现代化是中国共产党领导的社会主义现代化，既有各国现代化的共同特征，更有（   ）的中国特色。,基于自己国情,基于改革开放,基于新时代特点,基于强起来,,A
单选题,新民主主义革命时期，我们党团结带领人民进行革命斗争，取得新民主主义革命的胜利，为实现现代化创造了（   ）。,根本社会条件,根本政治前提,根本制度基础,根本物质基础,,A
单选题,中国式现代化是（   ）的社会主义现代化，这是对中国式现代化的定性，是管总、管根本的。,全体人民共同富裕,中国共产党领导,坚持以人民为中心,基于中国国情,,B
单选题,中国式现代化是（   ）的现代化。这是中国式现代化区别于西方现代化的显著标志。,全体人民共同富裕,人口规模巨大的现代化,物质文明和精神文明相协调,人与自然和谐共生,,A
单选题,西方现代化的最大弊端，就是（   ），追求资本利益最大化，导致贫富差距大、两极分化严重。,以经济效益为中心,以财富为中心,以自由为中心,以资本为中心,,D
多选题,党的二十大指出，新时代新征程中国共产党的中心任务，就是（   ）。,团结带领全国各族人民全面建成社会主义现代化强国,实现第二个百年奋斗目标,以中国式现代化全面推进中华民族伟大复兴,贯彻新发展理念，促进高质量发展,,ABC
多选题,实现中华民族伟大复兴的中国梦，本质是（   ）。,国家富强,社会和谐,民族振兴,人民幸福,,ACD
多选题,中国式现代化的特征是（   ）。,人口规模巨大的现代化,全体人民共同富裕的现代化,物质文明和精神文明相协调的现代化,人与自然和谐共生的现代化,走和平发展道路的现代化,ABCDE
多选题,中国式现代化的本质要求包括（   ）。,坚持中国共产党领导,坚持中国特色社会主义,实现高质量发展,发展全过程人民民主,,ABCD
多选题,推进中国式现代化需要牢牢把握的重大原则包括（   ）。,坚持深化改革开放,坚持中国特色社会主义道路,坚持以人民为中心的发展思想,坚持发扬斗争精神,,ABCD
多选题,推进中国式现代化需要正确处理的重大关系有（   ）。,正确处理顶层设计与实践探索的关系,正确处理战略与策略的关系,正确处理守正与创新的关系,正确处理效率与公平的关系,,ABCD
单选题,习近平指出：“一定要认清，中国最大的国情就是（   ）。什么是中国特色？这就是中国特色。”,人口14亿,中国共产党的领导,人均GDP世界第二,以人民为中心,,B
单选题,（   ）是中国特色社会主义最本质的特征。,以经济建设为中心,以人为本,五位一体总体布局,中国共产党的领导,,D
单选题,（   ）是党的领导的最高原则，是党保持团结统一和强大战斗力、不断取得胜利的关键所在。,民主集中制,党中央集中统一领导,群众路线,实事求是,,B
单选题,（   ）是我国的根本领导制度，具有统领地位。,党的组织原则,党的政治原则,党的领导制度,党的性质宗旨,,C
单选题,维护党中央权威和集中统一领导，最关键的是（   ）。,坚决维护习近平同志党中央的核心、全党的核心地位,实行民主集中制,修改党章，加强党中央权力,严明政治纪律,,A
单选题,中国共产党是以（   ）为根本组织原则和领导制度的马克思主义政党。,群众路线,民主集中制,党章,政治纪律,,B
单选题,（   ）是马克思主义政党第一位的能力。,政治领导力,思想引领力,群众组织力,社会号召力,,A
单选题,我国社会主义政治制度优越性的一个突出特点是党总揽全局、协调各方的领导核心作用，形象地说是“众星捧月”，这个“月”就是（   ）。,中国共产党,人民政协,国家机关,民主党派,,A
单选题,党的十九届六中全会通过的《中共中央关于党的百年奋斗重大成就和历史经验的决议》总结了中国共产党百年奋斗的历史经验，其中第一条是（   ）。,坚持党的领导,坚持人民立场,坚持英勇斗争,坚持宽阔视野,,A
单选题,（   ）是人民当家作主的可靠保障，关系中国特色社会主义的性质、方向和命运。,中国共产党指导,中国共产党组织,中国共产党领导,中国共产党监督,,C
多选题,党的领导，是（   ）。,党和国家的根本所在、命脉所在,全国各族人民的利益所系、幸福所系,中国特色社会主义最本质的特征,中国特色社会主义制度的最大优势,,ABCD
多选题,下列说法正确的是（   ）。,中国共产党是最高政治领导力量,党的领导是全面的、系统的、整体的,党在各种风险挑战中发挥了中流砥柱的作用,党的领导制度是我国的根本领导制度,,ABCD
多选题,中国共产党作为最高政治领导力量是由我国（   ）决定的。,国家性质,政治制度体系,经济基础,经济制度,,AB
多选题,党的领导是全面的、系统的、整体的，意味着（   ）。,党组织包揽包办一切、事无巨细什么都去管,党组织在各级各种组织中发挥领导核心作用，既善于总揽全局，又善于协调各方,不断增强党组织的领导统筹能力，充分调动方方面面的工作积极性,使党的领导作用贯穿于工作全过程,,BCD
多选题,党在推进各项事业发展中发挥着（   ）的作用，通过总揽全局、协调各方，把党的领导落实到国家治理各领域各方面各环节。,把方向,谋大局,定政策,促改革,,ABCD
多选题,党的领导是全面的，体现在（   ）。,在领导对象上，党领导人大、政府、政协、监察机关、审判机关、检察机关、武装力量、人民团体、企事业单位、基层群众性自治组织、社会组织等,在领导内容上，党领导经济建设、政治建设、文化建设、社会建设、生态文明建设和国家安全、国防军队、祖国统一、外交工作、党的建设等,在领导过程上，党既制定路线方针政策，又协调各方、督促落实，党的领导贯穿于立法、决策、执行、管理、监督等各项工作之中,在领导方式上，党通过制定大政方针，提出立法建议，推荐重要干部，进行思想宣传，发挥党组织和党员的作用等,,ABCD
单选题,马克思主义的本质属性和鲜明品格是（   ）。,先进性,时代性,人民性,实践性,,C
单选题,人民是创造历史的真正动力，是历史发展和社会进步的（   ）。,主体力量,根本力量,重要力量,真正力量,,A
单选题,社会变革的决定性力量是（   ），历史上一切生产关系的深刻变革、社会制度的兴亡更替，都是其推动的。,工人阶级,无产阶级,人民群众,科学技术,,C
单选题,我们党立于不败之地、从胜利走向胜利的根本原因是（   ）。,始终同人民在一起,为人民利益而奋斗,紧紧依靠人民创造历史伟业,以上都是,,D
单选题,（   ）是一个政党观察、认识、处理政治问题的立足点，反映了这个政党的世界观、方法论和执政理念，体现了这个政党的根本属性。,政治立场,人民立场,阶级立场,民族立场,,A
单选题,（   ）是我们党的生命之根、执政之基、力量之源。,中国共产党,人民,军队,党员干部,,B
单选题,习近平指出：“时代是出卷人，我们是答卷人，人民是阅卷人。”表明党的工作的最高裁决者和最终评判者是（   ）。,时代,中国共产党,人民,历史,,C
单选题,（   ）是我们党的生命线和根本工作路线，是我们党永葆青春活力和战斗力的重要传家宝。,政治路线,群众路线,军事路线,统一战线,,B
单选题,（   ）是获得真知灼见的源头活水，是贯彻群众路线的有效途径。,理论创新,调查研究,数据分析,批评与自我批评,,B
单选题,（   ）是社会主义的本质要求，是中国式现代化的重要特征。,全面小康,共同富裕,改革开放,经济发展,,B
单选题,（   ）中把实现人的自由而全面发展作为共产主义的本质特征。,《共产党宣言》,《德意志意识形态》,《资本论》,《反杜林论》,,A
多选题,人民立场是中国共产党的根本政治立场。坚持人民立场要做到（   ）。,始终牢记党的初心和使命,始终保持党同人民群众的血肉联系,热爱人民、尊重人民、敬畏人民,始终做到人民说什么就做什么,,ABC
多选题,扎实推动共同富裕，要把握好（   ）的原则。,鼓励勤劳创新致富,坚持基本经济制度,量力而行、循序渐进,一蹴而就、整齐划一,,ABC
多选题,如何认识人民群众在历史上的作用，是社会历史观的重大问题。历史唯物主义群众史观认为（   ）。,人民群众是社会物质财富的创造者,人民群众是社会精神财富的创造者,人民群众是社会变革的决定力量,历史都是由伟人、帝王将相等少数精英人士所创造的,,ABC
多选题,评价党员干部的工作成效，不仅要看纸面上指标数据，更要看（   ）。,人民生活好不好,民生是否改善,生态是否良好,社会是否进步,,ABCD
多选题,习近平指出：“群众路线是我们党的生命线和根本工作路线，是我们党永葆青春活力和战斗力的重要传家宝。”党的群众路线的内容是（   ）。,一切为了群众，一切依靠群众,从群众中来到群众中去,把党的正确主张变为群众的自觉行动,把群众路线贯彻到治国理政全部活动之中,,ABCD
多选题,习近平指出：“现代化的最终目标是实现人的自由而全面的发展。”要提高整个社会的文明程度和人民的（   ），让每一个人都获得发展自我和奉献社会的机会，促进物的全面丰富和人的全面发展达到一个新的更高的境界。,思想道德素质,科学文化素质,身心健康素质,吃苦奉献素质,,ABC
单选题,正确处理改革、发展、稳定关系的重要结合点是（   ）。,不断促进社会和谐,改善人民生活,促进经济社会发展,保持社会良性运行,,B
单选题,习近平总书记指出：“实践发展永无止境，解放思想永无止境，改革开放也永无止境，改革开放只有进行时、没有完成时”。改革开放的鲜明特征和首要任务是（   ）。,解放思想,解放和发展社会生产力,解放和增强社会活力,解决社会基本矛盾,,B
单选题,全面深化改革的总目标是（   ）。,推进国家治理体系和治理能力现代化,完善和发展中国特色社会主义制度，推进国家治理体系和治理能力现代化,进一步解放思想、发展社会生产力,以现代化全面推进中华民族伟大复兴,,B
单选题,新时代坚持和发展中国特色社会主义的根本动力是（   ）。,解放和发展生产力,优化体制机制,全面深化改革开放,市场经济,,C
单选题,全面深化改革是一场深刻而全面的社会变革，涉及经济社会发展各方面、各个领域，每一项改革都牵一发而动全身，对经济社会发展产生多方面影响。这要求改革开放必须（   ）。,加强顶层设计和摸着石头过河相结合,增强全面社会改革的系统性、整体性、协同性,胆子要大、步子要稳,坚持重大改革于法有据,,B
单选题,只有进一步（   ），才能找准深化改革开放的着力点，以创新的思维和办法解决前进中的问题。,解放思想,理论创新,制度创新,科技创新,,A
单选题,改革开放永无止境是（   ）规律的深刻反映。,社会基本矛盾运动,生产力发展,生产关系变革,经济基础适应上层建筑,,A
单选题,（   ）是运用国家制度管理社会各方面事务的能力。,党的执政能力,现代化建设能力,国家治理能力,国家管理能力,,C
单选题,治理国家，（   ）是起根本性、全局性、长远性作用的。,制度,法治,文化,经济,,A
单选题,推进改革的目的是要不断推进我国社会主义制度自我完善和发展，赋予社会主义新的生机活力。这里面最核心的是（   ），偏离了这一条，那就南辕北辙了。,坚持和改善党的领导、坚持和完善中国特色社会主义制度,调整生产关系以适应生产力发展的新要求,调整上层建筑以适应经济基础发展的新要求,完善各领域各方面的制度机制,,A
多选题,新时代统筹推进各领域各方面改革开放，必须（   ），使各方面改革协同推进、环环相扣、形成合力。,以全面深化改革总目标为引领,以制度建设为主线,以经济体制改革为重点,以重要领域和关键环节改革为突破口,,ABCD
多选题,习近平总书记指出：“这‘三个进一步解放’既是改革的目的，又是改革的条件。”这“三个进一步解放”是指（   ）。,进一步解放思想,进一步解放和发展生产力,进一步解放和增强社会活力,进一步解放和释放生产要素活力,,ABC
多选题,党的十八大以来，我国坚定不移扩大对外开放，实行更加积极主动的开放战略。主要有（   ）。,坚持对内对外开放相互促进、“引进来”和“走出去”相结合,推动贸易和投资自由化便利化,构建面向全球的高标准自由贸易区网络,共建“一带一路”成为当今世界深受欢迎的国际公共产品和国际合作平台,,ABCD
多选题,全面深化改革开放要充分运用法治思维和法治方式，积极发挥法治（   ）改革的作用。,引导,推动,规范,保障,,ABCD
多选题,2021年是中国加入世界贸易组织20周年。经过20多年的改革开放伟大实践，中国已成为50多个国家和地区的最大贸易伙伴、120多个国家和地区的前三大贸易伙伴。中国入世20多年的历史充分证明（   ）。,我国经济已经实现了由高速增长向高质量发展转变,以开放促改革、促发展是我国现代化建设的重要法宝,坚持开放合作才能获得更多发展机遇和更大发展空间,我国是多边贸易体制的坚定支持者、积极参与者和重要贡献者,,BCD
单选题,（   ）是新时代我国经济社会发展的鲜明主题，是全面建设社会主义现代化国家的首要任务。,经济快速发展,高质量发展,供给侧结构性改革,坚持和发展中国特色社会主义,,B
单选题,（   ）是实现高质量发展的指导原则。,新发展阶段,新发展方位,新发展理念,新发展道路,,C
单选题,构建高水平社会主义市场经济体制，关键是要（   ）。,处理好政府和市场的关系,处理好当前利益和长远利益的关系,处理好中国和外国的关系,处理好效率和公平的关系,,A
单选题,党的十八大以来，我国经济已由高速增长阶段转向（   ）阶段。,中高速发展,高水平发展,创新发展,高质量发展,,D
单选题,（   ）是引领发展的第一动力。,改革,解放思想,科技,创新,,D
单选题,全面建成小康社会、实现第一个百年奋斗目标之后，我们要乘势而上开启全面建设社会主义现代化国家新征程、向第二个百年奋斗目标进军，这标志着我国进入了一个（   ）。,新发展时期,新发展方位,新发展阶段,新发展时代,,C
单选题,新时代抓发展，必须更加突出发展理念，坚定不移贯彻（   ）的新发展理念。,改革、和谐、绿色、开放、共享,创新、协调、和谐、开放、共赢,创新、和谐、绿色、开放、发展,创新、协调、绿色、开放、共享,,D
单选题,构建（   ）是根据我国发展阶段、发展环境、条件变化，特别是基于我国比较优势变化，审时度势作出的重大决策，是推动高质量发展的战略基点，是关系我国发展全局的重大战略任务。,新发展理念,新发展格局,新发展阶段,新发展时期,,B
单选题,（   ）是中国特色社会主义制度的重要支柱，是新时代推动实现高质量发展的制度基础。,会主义市场经济体制,社会主义基本经济制度,现代化经济体系,收入分配制度,,B
单选题,构建新发展格局最本质的特征是（   ）。,实现高质量发展,实现全面协调发展,实现高水平科技自立自强,实现可持续发展,,C
单选题,构建新发展格局，要坚持把发展经济的着力点放在（   ）上。,实体经济,虚拟经济,数字经济,新兴经济,,A
多选题,新发展阶段是（   ）。,我国社会主义初级阶段历史进程中的一个重要阶段,中国共产党带领人民迎来从站起来、富起来到强起来历史性跨越的新阶段,全面建设社会主义现代化国家、向第二个百年奋斗目标进军的重要阶段。,决胜全面小康社会的阶段,,ABC
多选题,高质量发展是（   ）。,能够很好满足人民日益增长的美好生活需要的发展,体现新发展理念的发展,又快又好的发展,改革和科技共同驱动的发展,,AB
多选题,共享发展注重的是解决社会公平正义问题，必须坚持（   ），不断推进全体人民共同富裕。,全民共享,共建共享,全面共享,渐进共享,,ABCD
多选题,社会主义基本经济制度包括（   ）。,公有制为主体、多种所有制经济共同发展,按劳分配为主体、多种分配方式并存,社会主义市场经济体制,现代企业制度,,ABC
多选题,建设（   ）的高标准市场体系，是充分发挥我国超大规模市场优势的现实需要和必然选择。,统一开放,竞争有序,制度完备,治理完善,,ABCD
多选题,大力推动构建新发展格局，要着力（   ）。,推动实施扩大内需战略同深化供给侧结构性改革有机结合,发展实体经济,加快科技自立自强,推动产业链供应链优化升级,,ABCD
单选题,（   ）、科技、人才是全面建设社会主义现代化国家的基础性、战略性支撑。,法治,教育,改革,就业,,B
单选题,全面建设社会主义现代化国家，教育是根本，（   ）是关键，人才是基础。,科技,富裕,技术,生命,,A
单选题,人才强国战略，就是要牢固树立（   ）资源是第一资源的理念。,发展,科技,教育,人才,,D
单选题,（   ）在国家发展全局中居于核心位置。,教育,科技,发展,创新,,D
单选题,（   ）是推动党和国家各项事业发展的重要先手棋。,军事优先发展,经济优先发展,社会优先发展,教育优先发展,,D
单选题,（   ）是各级各类教育的生命线。,教师能力,高质量发展,教育公平,服务经济社会发展,,B
单选题,育人的根本在于（   ）。,修身,齐家,立德,发展,,C
单选题,教育无论发展到什么程度，第一位的是（   ），引导学生树立正确的世界观、人生观、价值观，全面发展、学有所长，培养出党和国家需要、对社会有用的人。,铸魂育人,以文化人,立德树人,培根铸魂,,C
单选题,（   ）是落实立德树人根本任务的关键课程，要坚持不懈传播马克思主义科学理论，用党的创新理论武装学生，不断提高学生思想水平、政治觉悟、道德品质。,思想政治理论课,育人工程课,专业课,社会实践课,,A
单选题,（   ）是发展教育的根本尺度。,社会需要,国家需要,人民满意,岗位满意,,C
多选题,现代化强国，必定是（   ）。,教育强国,科技强国,人才强国,经济强国,,ABC
多选题,实施（   ），是增强综合国力、满足人民群众美好生活需要的必然要求。,科教兴国战略,金融强国战略,人才强国战略,创新驱动发展战略,,ACD
多选题,要在全社会树立科学的（   ），加快扭转教育功利化倾向，形成健康的教育环境和生态。,价值观,人才观,成才观,教育观,,BCD
多选题,自主创新，就是从增强国家创新能力出发，加强（   ），确保国家拥有自主可控的科技创新能力。,原始创新,集成创新,多元创新,开放创新,,ABD
多选题,全面建设社会主义现代化国家，必须坚持党管人才原则，（   ），培养造就大批德才兼备的高素质人才，聚天下英才而用之，推动我国由人才大国迈向人才强国。,尊重劳动,尊重知识,尊重人才,尊重创造,,ABCD
单选题,（   ）是社会主义民主政治的本质特征。,民主集中制,人民当家作主,人民代表大会制度,中国共产党的领导,,B
单选题,（   ）是社会主义生命，没有民主就没有社会主义，就没有社会主义的现代化。,人民民主,人民当家作主,以人民为中心,坚持人民的主体地位,,A
单选题,（   ）是发展全过程人民民主的根本保证。,人民当家作主,中国特色社会主义制度,人民民主专政,中国共产党的领导,,D
单选题,全过程人民民主是社会主义民主政治的（   ）。,本质特征,本质体现,本质属性,本质要求,,C
单选题,统战工作的本质要求是（   ），解决的就是人心和力量问题。,求同存异,坚持中国共产党领导,多交朋友、广交朋友,大团结大联合,,D
单选题,（   ）是中国社会主义民主政治中独特的、独有的、独到的民主形式。,选举民主,基层民主,协商民主,直接民主,,C
单选题,（   ）是实现我国全过程人民民主的重要制度载体。,多党合作与政治协商制度,民族区域自治制度,人民代表大会制度,基层群众自治制度,,C
单选题,习近平指出，全过程人民民主是（   ）民主。,全链条、全覆盖、全方面,全参与、全覆盖、全方位,全链条、全覆盖、全内容,全链条、全覆盖、全方位,,D
单选题,习近平强调:“民主不是装饰品，不是用来做摆设的，而是要用来解决人民需要解决的问题的。”这段话揭示了全过程人民民主是（   ）的民主。,全链条,最真实,最广泛,最管用,,D
单选题,下列关于全过程人民民主的阐述，不正确的是（   ）。,全过程人民民主是最广泛的民主,全过程人民民主是最真实的民主,全过程人民民主是最管用的民主,全过程人民民主是最是在的民主,,D
单选题,全过程人民民主是新时代我国民主政治领域具有重大创新意义的标志性成果。这一说法（   ）。,正确,错误,,,,A
多选题,习近平在2021年8月召开的中央民族工作会议上发表重要讲话指出，铸牢中华民族共同体意识，就是要引导各族人民牢固树立（   ）的共同体理念。,休戚与共,荣辱与共,生死与共,命运与共,,ABCD
多选题,新时期爱国统一战线是由中国共产党领导的、以工农联盟为基础的，包括（   ）的广泛的爱国统一战线。,全体社会主义劳动者,社会主义事业的建设者,拥护社会主义的爱国者,拥护祖国统一和致力于中华民族伟大复兴的爱国者,,ABCD
多选题,全过程人民民主，彰显了我国人民民主的鲜明特色和显著优势，实现了（   ）相统一。,过程民主和成果民主,程序民主和实质民主,直接民主和间接民主,人民民主和国家意志,,ABCD
多选题,习近平在庆祝全国人民代表大会成立60周年大会上讲话中提出，评价一个国家政治制度是不是民主、有效的，主要看（   ）。,国家领导层能否依法有序更替,人民群众能否畅通表达利益要求,国家决策能否实现科学化、民主化,执政党能否依照宪法法律规定实现对国家事务的领导,,ABCD
多选题,我国基层民主有多种多样的形式，主要包括（   ）。,以村民委员会为组织形态的农村村民自治,以社区居民委员会为组织形态的城市居民自治,以职工代表大会为组织依托的企事业单位职工自治,以少数民族聚居区自治机关为组织形态的民族区域自治,,ABC
多选题,在我国，保证人民当家作主的基本政治制度有（   ）。,人民代表大会制度,基层群众自治制度,民族区域自治制度,多党合作和政治协商制度,,BCD
单选题,中国特色社会主义法治道路是全面依法治国的唯一正确道路。这条道路是由（   ）所决定的，本质上是中国特色社会主义道路在法治领域的具体体现。,我国社会主义国家性质,人民代表大会制,中国共产党领导,社会主义初级阶段基本国情,,A
单选题,（   ）是中国特色社会主义法治之魂，是我们的法治同西方资本主义国家的法治最大的区别。,坚持中国共产党的领导,坚持以人民为中心,坚持法律面前人人平等,坚持依法治国与以德治国相结合,,A
单选题,全面依法治国的总抓手是（   ）。,严格执法,建设中国特色社会主义法治体系,公正司法,坚持中国共产党的领导,,B
单选题,（   ）是社会主义法治最根本的保证。,中国特色社会主义制度,中国共产党的领导,严密的法治监督体系,全面深化改革,,B
单选题,法治监督体系以（   ）为重点。,规范和约束公权力的运行,思想教育,制度建设,关键少数,,A
单选题,全面依法治国最广泛、最深厚的基础是（   ）。,党的领导,社会稳定,人民,社会主义民主,,C
单选题,（   ）是党领导人民治理国家的基本方式。,以人民为中心,绿色发展,依法治国,人民当家作主,,C
单选题,（   ）是坚持和发展中国特色社会主义的本质要求和重要保障。,全面建设社会主义现代化国家,全面依法治国,全面深化改革,全面从严治党,,B
单选题,全面推进依法治国的总目标是（   ）。,实现中华民族伟大复兴,建设中国特色社会主义法治体系，建设社会主义法治国家,科学立法、严格执法、公正司法、全民守法,有法可依、有法必依、违法必究、执法必严,,B
单选题,（   ）是国家根本法，是党和人民意志的集中体现，是国家各种制度和法律法规的总依据。,法律总纲,民法典,宪法,诉讼法,,C
多选题,中国特色社会主义法治道路的核心要义是（   ）。,坚持党的领导,坚持中国特色社会主义制度,贯彻中国特色社会主义法治理论,坚持社会主义根本制度,,ABC
多选题,关于政治和法治的关系，下列说法正确的是（   ）。,法治要脱离政治的影响，才能确保公平正义,法治当中有政治，没有脱离政治的法治,政治和法治相互依存，相互作用，密不可分,党和法的关系是政治和法治关系的集中反映,,BCD
多选题,全面依法治国必须正确处理（   ）的关系。,政治和法治,改革和法治,依法治国和以德治国,依法治国和依规治党,,ABCD
多选题,更好推进中国特色社会主义法治体系建设，必须加快形成完备的法律规范体系、高效的法治实施体系和（   ）。,严密的法治监督体系,有力的法治保障体系,完善的党内法规体系,有效的制度约束体系,,ABC
多选题,法治中国建设的总体目标是（   ）。,到2025年，党领导全面依法治国体制机制更加健全，以宪法为核心的中国特色社会主义法律体系更加完备,到2025年，法治社会建设取得重大进展，党内法规体系更加完善,到2025年，中国特色社会主义法治体系初步形成,到2035年，法治国家、法治政府、法治社会基本建成,,ABCD
多选题,建设更高水平的法治中国，必须（   ）。,完善以宪法为核心的中国特色社会主义法律体系,扎实推进依法行政,严格公正司法,加快建设法治社会,,ABCD
单选题,建设社会主义文化强国、推动社会主义文化繁荣兴盛，关键在于（   ）。,坚定中国特色社会主义文化自信,大力发展文化产业,传承发展中华优秀传统文化,广泛践行社会主义核心价值观,,A
单选题,坚持马克思主义在意识形态领域指导地位的制度是中国特色社会主义制度体系的一项（   ）。,基本制度,根本制度,重要制度,基本政策,,B
单选题,（   ）是文化的生命所在，是文化的本质特征。,传承坚持,融会贯通,创新创造,共享传播,,C
单选题,核心价值观是一个民族赖以维系的精神纽带，是一个国家共同的（   ）。,理想信念,文化观念,智慧结晶,思想道德基础,,D
单选题,习近平总书记指出：文化是一个国家、一个民族的（   ）。,核心,精髓,灵魂,基础,,C
单选题,文化事业的繁荣与文化产业的发展，要坚持把（   ）放在首位。,经济效益,社会效益,价值引导,市场效益,,B
单选题,（   ）是社会主义意识形态的旗帜和灵魂。,中国精神,社会主义核心价值观,马克思主义,中华优秀传统文化,,C
单选题,中华文明的（   ）从根本上决定了中华民族必然走自己的路。,创新性,连续性,统一性,包容性,,B
单选题,新闻舆论工作有鲜明的意识形态属性，（   ）是做好新闻舆论工作的第一位要求。,坚持正确的政治方向,做到客观真实报道,坚持马克思主义新闻观,坚持正确的舆论导向,,A
单选题,习近平指出，（   ）是社会主义文艺的灵魂。,马克思主义,中国精神,中华文化,真善美,,B
单选题,（   ）是中华文明的智慧结晶和精华所在，是中华民族的根和魂，是我们在世界文化激荡中站稳脚跟的根基。,中华优秀传统文化,社会主义先进文化,革命文化,中国特色社会主义文化,,A
单选题,习近平指出，社会主义文艺必须坚持以（   ）为中心的创作导向。,真实,效益,人民,政治,,C
多选题,一个国家的文化软实力，从根本上说，取决于其核心价值观的（   ）。,生命力,凝聚力,感召力,影响力,,ABC
多选题,文化繁荣兴盛是（   ）。,实现中华民族伟大复兴的必然要求,建设社会主义现代化强国的应有之义,满足人民日益增长的美好生活需要的内在要求,在世界文化激荡中站稳脚跟的基础,,ABCD
多选题,中国共产党、中国人民最有理由坚定文化自信，因为（   ）。,中华优秀传统文化是我们坚定文化自信的深厚基础,革命文化和社会主义先进文化是我们坚定文化自信的坚强基石,中国特色社会主义伟大实践是我们坚定文化自信的现实基础,世界各国文明的交流互鉴是我们坚定文化自信的外部来源,,ABC
多选题,中国特色社会主义文化建设坚持（   ）的“二为”方向。,为中国共产党治国理政服务,为建设社会主义现代化国家,为人民服务,为社会主义服务,,CD
多选题,100多年前，中国共产党的先驱们创建了中国共产党，形成了（   ）的伟大建党精神。,坚持真理、坚守理想,践行初心、担当使命,不怕牺牲、英勇斗争,对党忠诚、不负人民,,ABCD
多选题,社会主义核心价值观集中体现着全体人民共同的价值追求，涉及（   ）三个层面的价值要求。,国家,社会,公民,政党,,ABC
多选题,关于中国特色社会文化，下列说法正确的是（   ）。,源自于中华优秀传统文化,熔铸于革命文化和社会主义先进文化,植根于中国特色社会主义伟大实践,代表着中华民族独特的精神标识,,ABCD
单选题,（   ）是我们坚持立党为公、执政为民的本质要求。,增进民生福祉,建立强大的国防,全面依法治国,思想政治教育,,A
单选题,（   ）是我们一切工作的出发点和落脚点。,巩固党的执政地位,让老百姓过上好日子,实现高质量发展,促进社会和谐稳定,,B
单选题,（   ）是人民幸福之基、社会和谐之本。,发展,教育,经济,民生,,D
单选题,带领人民群众创造幸福生活，要顺应人民群众对美好生活的向往，坚持以人民为中心的发展思想，以（   ）为重点，发展各项社会事业。,优先发展教育事业习交流,提高就业质量和人民收入水平,保障和改善民生,加强社会保障体系建设,,C
单选题,社会主义社会是（   ）的社会，这就决定了社会主义生产要以增进民生福祉为根本目的。,人民当家作主,共产党领导,公有制为主体,按劳分配为主体,,A
单选题,（   ）是保障和改善民生的重中之重。,提高人民收入水平,办好人民满意的教育,解决人民群众最关心最直接最现实的利益问题,完善保障和改善民生的制度体系,,C
单选题,加强城乡社区治理，要坚持和发展新时代（   ），完善正确处理新形势下人民内部矛盾机制。,“枫桥经验”“余村经验”,“枫桥经验”“浦江经验”,“余村经验”“浦东经验”,“枫桥经验”“上海经验”,,B
单选题,（   ）是民生之源，是改善民生、实现发展成果由人民共享最重要最直接的方式。,收入分配,就业,健康,教育,,A
单选题,完善社会治理体系，必须坚持（   ）的社会治理理念。,人人参与、人人尽力,系统治理、源头治理,共建共治共享,以人民为中心,,C
单选题,（   ）是政府联系群众的“最终一公里”。,乡村人民政府,居委会,基层党支部,城乡社区,,D
单选题,在社会治理理念中，（   ）是关键。,共建,共治,共享,共有,,C
单选题,坚持以人民为中心的发展思想，在高质量发展中促进共同富裕，正确处理（   ）的关系，构建初次分配、再分配、三次分配协调配套的基础性制度安排。,效率和公平,收入和分配,经济和社会,政府和市场,,A
单选题,习近平指出，（   ）是最大的民生工程、民心工程、根基工程，必须抓紧抓实抓好。,生产,共同富裕,就业,生活水平,,C
单选题,党的十九大报告指出，坚持房子是用来住的、不是用来炒的定位，加快建立多主体供给、多渠道保障、（   ）的住房制度，让全体人民住有所居。,租赁优先,以购为主,租购并举,多手段调控,,C
多选题,增进民生福祉是（   ）。,坚持立党为公、执政为民的本质要求,社会主义生产的根本目的,全面建设社会主义现代化国家的应有之义,社会主义和资本主义的根本区别之一,,ABCD
多选题,保障和改善民生的工作思路是（   ）。,坚守底线,突出重点,完善制度,引导预期,,ABCD
多选题,（   ）是保障和改善民生的重要方针。,人人尽责,人人享有,尽力而为,量力而行,,CD
多选题,党的十九届四中全会提出，要完善党委领导、政府负责、民主协商、社会协同和（   ）的社会治理体系。,公众参与,法治保障,科技支撑,德治保证,,ABC
多选题,中国特色的社会保障体系注重发挥我国社会主义制度的政治优势，把（   ）作为根本出发点和落脚点，推动社会保障事业不断前进。,坚持人民至上,坚持共同富裕,增进民生福祉,促进社会公平,,CD
多选题,新时代加强和创新社会治理，要求坚持（   ），探索一条符合中国社会发展实际、更可持续的中国特色社会主义社会治理之路。,系统治理,依法治理,综合治理,源头治理,,ABCD
单选题,习近平生态文明思想的鲜明主题是努力实现（   ）。,人与自然和谐共生,人与自然和谐相处,人与自然协调发展,人与自然和谐共存,,A
单选题,习近平在（   ）首次提出“绿水青山就是金山银山”这一科学论断。,浙江余村,浙江义乌,浙江金华,浙江嘉兴,,A
单选题,中国宣布力争（   ）实现碳达峰，努力争取2060年实现碳中和。这充分体现了中国负责任大国的担当。,2027年前,2035年前,2035年前,2030年前,,D
单选题,要深入贯彻习近平生态文明思想，全面推进美丽中国建设，以（   ）生态环境支撑高质量发展，加快推进人与自然和谐共生的现代化，共谋全球生态文明建设之路。,高层次,高水平,高品质,高标准,,C
单选题,森林既是水库、钱库、粮库，也是碳库，（   ）是推进国土绿化、建设美丽中国的生动实践。,开展全民义务植树,治理荒漠化,治理水土流失,保护湿地,,A
单选题,山水林田湖草沙是一个生命共同体，要坚持系统观念，按照生态系统的（   ），统筹考虑自然生态各要素、山上山下、地上地下、岸上水里、城市农村、陆地海洋以及流域上下游，进行整体保护、系统修复、综合治理。,整体性、系统性和内在规律,整体性、系统性和多变性,整体性、系统性,整体性和内在规律,,A
单选题,2018年6月24日公布的《中共中央国务院关于全面加强生态环境保护坚决打好污染防治攻坚战的意见》提出，为了改善生态环境，要打好（   ）保卫战。,青山、蓝天、碧水,蓝天、碧水、净土,青山、蓝天、净土,蓝天、净土、绿草,,B
单选题,要坚持把（   ）作为解决生态环境问题的治本之策，加快形成绿色生产方式和生活方式，厚植高质量发展的绿色底色。,完善制度,绿色科技创新,生态环境整治,绿色低碳发展,,D
多选题,习近平生态文明思想系统回答了（   ）等重大理论和实践问题，把我们党对生态文明建设规律的认识提升到一个新高度。,为什么建设生态文明,建设什么样的生态文明,怎样建设生态文明,建设美丽中国,,ABC
多选题,关于绿水青山与金山银山的关系，下列说法中正确的有（   ）。,既要绿水青山，也要金山银山,宁要绿水青山，不要金山银山,绿水青山就是金山银山,宁要金山银山，不要绿水青山,,AC
多选题,党的十八大以来，我们党把生态文明建设摆在全局工作的突出位置，从思想、法律、体制、组织、作风上全面发力，谋划开展了一系列根本性、开创性、长远性工作。实现（   ）的重大转变。,由重点整治到系统治理,由被动应对到主动作为,由全球环境治理参与者到引领者,由实践探索到科学理论指导,,ABCD
多选题,应对生态环境挑战，必须摒弃（   ），打造多元共治的全球生态治理体系。,单边主义,极端利己主义,甩锅推责,偏见主义,,ABC
多选题,党的二十大报告明确提出，以国家重点（   ）等为重点，加快实施重要生态系统保护和修复重大工程。,生态功能区,高新技术区,生态保护红线,自然保护地,,ACD
多选题,加快实施重要生态系统保护和修复重大工程，要强化国土空间规划和用途管控，划定落实（   ）三条控制线以及各类海域保护线。,生态保护红线,永久基本农田,城镇开发边界,基本绿化带,,ABC
多选题,实行最严格的生态环境保护制度，要健全（   ）的生态环境保护体系。,源头预防,过程控制,损害赔偿,责任追究,,ABCD
单选题,（   ）是总体国家安全观的根本。,政治安全,经济安全,人民安全,军事、文化、社会安全,,A
单选题,构建新安全格局，应对各领域安全风险挑战的首要任务是（   ）。,维护政治安全,维护经济安全,维护人民安全,维护国土安全,,A
单选题,（   ）是实现政治安全和人民安全的要求和原则。,国家利益至上,统筹发展与安全,维护意识形态安全,维护经济安全,,A
单选题,总体国家安全观以（   ）为宗旨。,人民安全,政治安全,经济安全,国际安全,,A
单选题,（   ）是总体国家安全观的基础。,国土安全,人民安全,政治安全,经济安全,,D
单选题,国家安全是民族复兴的根基，国家安全归根结底是（   ）。,保障人民利益,维护执政地位,维护中国特色社会主义制度,坚决打赢意识形态斗争,,A
单选题,牢牢守住（   ）这条底线，是构建新发展格局的重要前提和保障。,经济发展,政治安全,产业链供应链安全稳定,安全发展,,D
单选题,（   ）与人民群众切身利益关系最密切，是人民群众安全感的晴雨表。,国土安全,经济安全,社会安全,公共卫生安全,,C
单选题,进入新时代，国家安全在党和国家工作全局中的重要性日益凸显。保障国家安全的治本之策是（   ）。,健全国家安全体系、加强国家安全制度建设,增强维护国家安全能力,提高公共安全治理水平,完善社会治理体系,,A
单选题,当前和今后一个时期是我国各类矛盾和风险易发期，各种风险挑战不断积累甚至集中显露。我们面临的风险是多方面的，有外部风险，也有内部风险；有一般风险，也有重大风险。在社会主义现代化建设过程中，我们面临的各种风险都要防控，但重点要防控的是（   ）。,政治安全风险,经济发展风险,社会稳定风险,可能迟滞或中断中华民族伟大复兴进程的全局性风险,,D
单选题,在社会主义现代化建设过程中，我们面临的各种风险都要防控，但重点要防控的是（   ）。,政治安全风险,经济发展风险,社会稳定风险,可能迟滞或中断中华民族伟大复兴进程的全局性风险,,D
多选题,开创新时代国家安全工作新局面，主要要从如下方面着力，不断塑造总体有利的国家安全战略态势（   ）。,走宽走实军民融合发展路子,推进国家安全体系和能力现代化,建设更高水平的平安中国,提高防范化解重大风险能力,,BCD
多选题,新形势下，我们面临的风险是多方面的，且各类矛盾风险挑战点相互交织、相互作用。因此，应该着力提高防范化解重大风险的能力。有效防范化解重大风险，必须（   ）。,坚持底线思维和极限思维,下好先手棋、打好主动仗，力争把风险化解在源头,运用制度威力应对风险挑战的冲击,对外部势力的任何挑衅都要寸步不让、以牙还牙,,ABC
多选题,习近平强调：“我们党要巩固执政地位，要团结带领人民坚持和发展中国特色社会主义，保证国家安全是头等大事。”保证国家安全是头等大事，这是因为（   ）。,国家安全是民族复兴的根基，社会稳定是国家强盛的前提,维护国家安全是全国各族人民根本利益所在,新时代我国面临更为严峻复杂的国家安全形势,维护国家安全是新时代我国发展壮大的必由之路,,ABC
多选题,统筹发展和安全，是党和国家的一项基础性工作，是我们党治国理政的一个重大原则。下列关于新时代“发展和安全”关系的理解，正确的有（   ）。,发展是解决安全问题的总钥匙,安全是发展的条件和保障,发展优先于安全,发展和安全是一体之两翼、驱动之双轮，必须同步推进,,ABD
多选题,习近平指出：“政治安全涉及国家主权、政权、制度和意识形态的稳固，是一个国家最根本的需求，是一切国家生存和发展的基础条件。”维护政治安全，就是要毫不动摇（   ）。,坚持和巩固党的领导和长期执政地位,坚持和完善中国特色社会主义制度,坚持和巩固马克思主义在意识形态领域的指导地位,坚持走中国式现代化道路,,ABC
单选题,习近平指出，我们捍卫和平、维护安全、慑止战争的手段和选择有多种多样，但（   ）始终是保底手段。,政治手段,军事手段,经济手段,法律手段,,B
单选题,习近平在（   ）上明确提出，党在新时代的强军目标是建设一支听党指挥、能打胜仗、作风优良的人民军队，把人民军队建设成为世界一流军队。,党的十八大,第十二届全国人大一次会议,党的十九大,庆祝中国人民解放军建军90周年大会,,C
单选题,党的新时代的强军目标是，（   ）是核心，反映军队的根本职能和军队建设的根本指向。,听党指挥,能打胜仗,本领过硬,作风优良,,B
单选题,（   ）是坚持党对人民军队绝对领导的根本制度和根本实现形式。,支部建在连上,政治委员制,军委主席负责制,首长分工负责制,,C
单选题,根据国防和军队现代化新“三步走”战略安排，到（   ）基本实现国防和军队现代化。,2027年,2030年,2035年,2050年,,C
单选题,（   ），决定军队建设的政治方向。,军民融合是关键,能打胜仗是核心,听党指挥是灵魂,作风优良是保证,,C
单选题,（   ）是人民军队的立军之本。,政治建军,改革强军,科技强军,人才强军,,A
单选题,巩固提高一体化国家战略体系和能力，关键是要在（   ）上下功夫，实现国家战略能力最大化。,专业化,一体化,融合性,统一性,,B
单选题,（   ）是推动人民军队高质量发展、赢得军事竞争和未来战争主动的关键因素。,科技,改革,人才,法治,,C
单选题,（   ），就是最大的胜算。,军队体制编制完善,军事战略科学准确,军队实战能力强大,军人具有强大的战斗精神,,B
多选题,进入新时代，以习近平同志为核心的党中央着眼实现中华民族伟大复兴这个国家和民族最高利益，对人民军队使命任务作出新定位、提出新要求，概括起来就是（   ）。,为巩固中国共产党领导和我国社会主义制度提供战略支撑,为捍卫国家主权、统一和领土完整提供战略支撑,为维护我国海外利益提供战略支撑,为促进世界和平与发展提供战略支撑,,ABCD
多选题,党在新时代的强军目标的提出，体现了我们党一以贯之的建军治军指导思想和方针原则，回答了（   ）的重大课题，立起了人民军队作为大国军队、强国军队应有的样子。,为什么强军,强军强什么,如何建军,怎样强军,,ABD
多选题,根据国防和军队现代化新“三步走”战略安排，到2035年我国要基本实现国防和军队现代化，这一步的关键是实现（   ）。,军事理论现代化,军队组织形态现代化,军事人员现代化,武器装备现代化,,ABCD
多选题,到本世纪中叶把人民军队全面建成世界一流军队，就是要建成（   ）的世界一流军队。,同我国强国地位相称,能够全面有效维护国家安全,具备强大国际影响力,与我国经济实力相匹配,,ABC
多选题,坚持党对人民军队的绝对领导是（   ）。,人民军队能打仗、打胜仗的根本保证,永葆人民军队性质、宗旨、本色的根本保证,中国共产党长期执政的根本保证,新时代坚持和发展中国特色社会主义的一条基本方略,,ABD
单选题,党的十八大以来，以习近平同志为核心的党中央把握历史大势和时代变化，丰富和发展国家统一理论和对台方针政策，就对台工作提出一系列重要理念、重大政策主张，形成（   ）。,“九二共识”,新时代党解决台湾问题的总体方略,二十一条对台工作意见,两岸融合发展新政策,,B
单选题,“一国两制”的根本宗旨是（   ）。,维护中国共产党的领导,落实“爱国者治港”“爱国者治”原则,维护国家主权、安全、发展利益，保持香港、澳门长期繁荣稳定,保持香港和澳门的独特地位和优势,,C
单选题,关于全面管治权和高度自治权，以下说法错误的是（   ）。,全面管治权是中央行使高度自治权的体现,中央授予多少权力，特别行政区就享有多少权力，不存在所谓“剩余权力”,全面管治权与高度自治权在本质上是统一的,在任何时候，都不能将全面管治权和高度自治权对立起来,,A
单选题,（   ）为新时代解决台湾问题、实现祖国完全统一指明了方向。,和平统一方针,“一国两制”,新时代党解决台湾问题的总体方略,二十一条对台工作意见,,C
单选题,台湾前途在于（   ），台湾同胞福祉系于民族复兴。,国家统一,协商民主,中立维稳,高度自治,,A
单选题,“一国两制”包含了中华文化中的和合理念，体现了（   ）的思维方式，是中华民族为世界和平与发展作出的新贡献。,自强不息、顽强拼搏,泾渭分明、立场明确,尊重差异、求同存异,敢于斗争、善于斗争,,C
单选题,（   ），是党中央立足全局和长远作出的重大决策，也是保持香港、澳门长期繁荣稳定的重大举措，对于香港、澳门探索发展新路向、开拓发展新空间、增添发展新动力具有十分重要的作用。,开辟闽东南沿海经济开放区,建设粤港澳大湾区,设立自由贸易试验区,建设建设港珠澳大桥,,B
单选题,必须坚持在中华民族伟大复兴进程中推进祖国统一，这是统一的（   ）。,政治基础,历史方位,战略思路,根本动力,,B
单选题,全面贯彻新时代党解决台湾问题的总体方略，必须坚持（   ），这是统一的根本保证。,推动两岸关系和平发展、融合发展,“和平统一、一国两制”基本方针,粉碎“台独”分裂图谋,党中央对对台工作的集中统一领导,,D
单选题,坚持一个中国原则和“九二共识”，这是统一的（   ）。,战略思路,历史方位,政治基础,根本动力,,C
单选题,（   ）筑牢了在香港特别行政区防控国家安全风险的制度屏障，成为维护香港稳定的“定海神针”。,《反分裂国家法》,《全国人民代表大会关于完善香港特别行政区选举制度的决定》,《中华人民共和国香港特别行政区维护国家安全法》,《中华人民共和国香港特别行政区基本法》,,C
多选题,（   ）共同构成特别行政区的宪制基础。,中华人民共和国宪法,特别行政区基本法,国家安全法,反分裂国家法,,AB
多选题,党的十八大以来，以习近平同志为核心的党中央全面准确、坚定不移贯彻（   ）的方针，推动香港进入由乱到治走向由治及兴的新阶段。,“一国两制”,”港人治港”,“澳人治澳”,高度自治,,ABD
多选题,解决台湾问题、实现祖国完全统一，是（   ）。,中华民族的最高利益,党矢志不渝的历史任务,全体中华儿女的共同愿望,实现中华民族伟大复兴的必然要求,,BCD
多选题,（   ）方针是实现两岸统一的最佳方式。,爱国者治台,高度自治,和平统一,一国两制,,CD
多选题,关于新时代党解决台湾问题的总体方略，以下说法正确的是（   ）。,科学回答了在民族复兴伟大进程中实现祖国完全统一的时代命题,标志着我们党的国家统一理论更加成熟,是我们党解决台湾问题、实现祖国统一的最新理论成果,是新时代新征程推进祖国统一大业的科学指南和行动纲领,,ABCD
单选题,周边是我国安身立命之所、发展繁荣之基。要始终将周边置于外交全局的首要位置，秉持（   ）的周边外交理念，着力深化互利共赢格局。,互利合作,亲诚惠容,互联互通,真实亲诚,,B
单选题,推动构建新型国际关系，就是要秉持（   ）原则，走出一条对话而不对抗、结伴而不结盟的国与国交往新路。,相互尊重、公平合作、共享发展,相互尊重、公平正义、合作共赢,独立自主、美美与共、共享发展,共享共建、和平发展、同舟共济,,B
单选题,推动构建（   ），是新时代对外工作的总目标。,人类安全共同体,人类命运共同体,人类发展共同体,国际命运共同体,,B
单选题,构建人类命运共同体，就是携手世界各国人民共同建设（   ）的世界。,持久和平、普遍安全、共同繁荣、开放包容、清洁美丽,普遍安全、持久和平、共同繁荣、开放包容、清洁美丽,共同繁荣、普遍安全、持久和平、开放包容、清洁美丽,开放包容、共同繁荣、普遍安全、持久和平、清洁美丽,,A
单选题,中国扩大高水平开放的决心不会变，同世界分享发展机遇的决心不会变，推动经济全球化朝着更加（   ）方向发展的决心也不会变。,创新、协调、绿色、开放、共享,互利、共赢、发展、包容、开放,改革、创新、绿色、协调、全面,开放、包容、普惠、平衡、共赢,,D
单选题,和平、发展、公平、正义、民主、自由，是（   ），也是联合国的崇高目标。,全人类共同目标,全人类共同价值,联合国的宗旨,全人类共同原则,,B
单选题,走和平发展道路，就要坚定奉行（   ）的和平外交政策。,美美与共,共同发展,独立自主,共建共享,,C
单选题,维护（   ）是我国对外工作的出发点和落脚点，是中国外交的神圣使命。,国家主权、安全、发展利益,国家领土安全,世界和平,国家发展利益,,A
单选题,（   ）是中国共产党的一个创举，也是中国外交的力量源泉。,民间外交,经济外交,文化外交,人民外交,,D
单选题,（   ）是发展的前提，是人类最基本最普遍的愿意，是各国人民根本利益所在。,和平,安全,发展,民主,,B
单选题,（   ）是世界的基本特征，也是人类进步的源泉。,民族多样性,政治民主性,文化多样性,文明多样性,,D
单选题,中国秉持（   ）理念和正确义利观，加强同发展中国家团结合作。,亲诚惠容,友好合作,共同发展,真实亲诚,,D
多选题,当前，（   ）正以前所未有的方式展开，世界百年未有之大变局加速演进，世界进入新的动荡变革期。,世界之变,时代之变,历史之变,社会之变,,ABC
多选题,中国共产党致力于为中国人民谋幸福、为中华民族谋复兴，同时也致力于（   ）。,为人类谋进步,为世界谋大同,为人类谋发展,为世界谋福祉,,AB
多选题,推动构建新型国际关系，就是要秉持（   ）原则，走出一条对话而不对抗、结伴而不结盟的国与国交往新路。,共享发展,相互尊重,公平正义,合作共赢,,BCD
多选题,中国始终高举（   ）旗帜，在快速变革的世界中牢牢把握大变局的发展方向。,和平,发展,合作,共赢,,ABCD
多选题,要推进大国协调合作，打造周边命运共同体，加强同发展中国家团结合作，不断完善我国（   ）的外交布局，构建新型政党关系，开创国际关系新模式。,全方位,多层次,立体化,多样化,,ABC
多选题,推动构建人类命运共同体，要弘扬全人类共同价值，落实（   ），广泛凝聚共识、汇聚力量，携手建设合作共赢的美好世界。,全球发展倡议,全球安全倡议,全球文明倡议,全球和平倡议,,ABC
多选题,推动大国协调合作，构建（   ）的大国关系格局，是中国外交关系的重要内容。,合作共赢,和平共处,总体稳定,均衡发展,,BCD
多选题,中国秉持（   ）理念，构建新型政党关系。,求同存异,公平合作,相互尊重,互学互鉴,,ACD
多选题,中国坚持（   ）的全球治理观，积极倡导合作共赢理念、正确义利观，努力推动全球治理体系朝着更加公正合理的方向发展。,共商,共建,共享,共赢,,ABC
多选题,共建“一带一路”，秉持共商共建共享原则，坚持（   ）理念，以高标准、可持续、惠民生为目标。,开放,绿色,共享,廉洁,,ABD
单选题,（   ）是中国共产党区别于其他政党的显著标志。,勇于自我革命,勇于创新,勇于挑战,勇于突破,,A
单选题,全面从严治党，核心是（   ）。,加强党的领导,全面,从严,管党治党,,A
单选题,推进全面从严治党，要把党的（   ）摆在首位。,政治建设,思想建设,作风建设,制度建设,,A
单选题,首次把党的政治建设纳入党的建设总体布局的是（   ）。,党的十七大,党的十八大,党的十九大,党的二十大,,D
单选题,党的作风建设的核心问题（   ）。,开展批评与自我批评,反对“四风”,保持党同人民群众的血肉联系,严格落实中央八项规定精神,,C
单选题,（   ）是党的政治建设的首要任务。,增强“四个意识”,坚定“四个自信”,学习贯彻习近平新时代中国特色社会主义思想,保证全党服从中央，维护党中央权威和集中统一领导,,D
单选题,（   ）是党的基础性建设。,政治建设,思想建设,制度建设,作风建设,,B
单选题,经过不懈努力，党找到了（   ）这一跳出治乱兴衰历史周期率的第二个答案，确保党永远不变质、不变色、不变味。,自我净化,自我革命,自我完善,自我提高,,B
单选题,（   ）是全面从严治党适应新形势新要求必须啃下的硬骨头。,“四风”问题,反腐败,解决大党独有难题,净化党内政治生态,,C
单选题,（   ）是新时代推进反腐败斗争的鲜明特征。,党中央集中统一领导,标本兼治,“打虎”“拍蝇”“猎狐”多管齐下,零容忍、全覆盖、无禁区,,B
多选题,新形势下党执政面临的“四大考验”包括长期执政考验、（   ）。,改革开放考验,市场经济考验,外部环境考验,大党独有难题,,ABC
多选题,新形势下党执政面临的“四大危险”包括精神懈怠危险、（   ）。,能力不足危险,脱离群众危险,消极腐败危险,动力不足考验,,ABC
多选题,全面从严治党是一项管党治党的系统工程，要（   ）。,坚持内容上全涵盖,坚持对象上全覆盖,坚持责任上全链条,坚持制度上全贯通,,ABCD
多选题,党的二十大报告指出，中国共产党立志于中华民族千秋伟业，致力于人类和平与发展崇高事业，全党同志要始终牢记的“三个务必”是指（   ）。,务必不忘初心、牢记使命,务必谦虚谨慎、艰苦奋斗,务必解放思想、实事求是,务必敢于斗争、善于斗争,,ABD
多选题,中国共产党作为世界上最大的马克思主义执政党，要时刻保持解决大党独有难题的清醒和坚定。我们这个大党必须解决的独有难题，包括（   ）。,如何始终不忘初心、牢记使命,如何始终统一思想、统一意志、统一行动,如何始终保持干事创业精神状态,如何始终具备强大的执政能力和领导水平,,ABCD
多选题,建设高素质专业化干部队伍，（   ）是党对领导干部提出的政治要求。,担当,忠诚,自律,干净,,ABD
多选题,全面从严治党是一项管党治党的系统工程，客观上需要一个（   ）的全面从严治党体系。,布局合理,内容科学,要素齐备,统一高效,,ABCD
